{
  "mse": 402.17300541368456,
  "mae": 15.027885723071947,
  "rmse": 20.054251554562804,
  "r2": 0.4652034476141127
}