{
  "mse": 129.77551209347354,
  "mae": 8.770755205441784,
  "rmse": 11.391905551463879,
  "r2": 0.8274287544975512
}