{
  "mse": 390.1008494543419,
  "mae": 14.695216024419608,
  "rmse": 19.75097084839988,
  "r2": 0.48125660707537554
}