{
  "mse": 134.3780440072325,
  "mae": 8.87918788336109,
  "rmse": 11.592154416122677,
  "r2": 0.8213084575940023
}