{
  "mse": 361.62303607810964,
  "mae": 14.464121026735196,
  "rmse": 19.016388618192195,
  "r2": 0.519125474970753
}